-- phpMyAdmin SQL Dump
-- version 5.2.1
-- https://www.phpmyadmin.net/
--
-- Host: 127.0.0.1
-- Generation Time: Dec 08, 2023 at 07:49 AM
-- Server version: 10.4.28-MariaDB
-- PHP Version: 8.2.4

SET SQL_MODE = "NO_AUTO_VALUE_ON_ZERO";
START TRANSACTION;
SET time_zone = "+00:00";


/*!40101 SET @OLD_CHARACTER_SET_CLIENT=@@CHARACTER_SET_CLIENT */;
/*!40101 SET @OLD_CHARACTER_SET_RESULTS=@@CHARACTER_SET_RESULTS */;
/*!40101 SET @OLD_COLLATION_CONNECTION=@@COLLATION_CONNECTION */;
/*!40101 SET NAMES utf8mb4 */;

--
-- Database: `svpbdatabase`
--

-- --------------------------------------------------------

--
-- Table structure for table `admins`
--

CREATE TABLE `admins` (
  `admin_id` int(11) NOT NULL,
  `username` varchar(255) NOT NULL,
  `password` varchar(255) NOT NULL,
  `email` varchar(255) NOT NULL,
  `role` varchar(20) NOT NULL DEFAULT 'admin'
) ENGINE=InnoDB DEFAULT CHARSET=utf8mb4 COLLATE=utf8mb4_general_ci;

--
-- Dumping data for table `admins`
--

INSERT INTO `admins` (`admin_id`, `username`, `password`, `email`, `role`) VALUES
(2, 'masteradmin', '$2y$10$EgQaO.5LJnIsfQkdXY91h.ZU0rgwmglKhtbP1jgArc8bTfd4D.7rW', 'admin@gmail.com', 'admin'),
(3, 'admin-cj', '$2y$10$jnP2.OHWV8lPJrxrt8vdVOyGf3B/CfkEI/.WAubowKceHlo97GBm.', 'cj@fontelar', 'admin'),
(4, 'adminbree', '$2y$10$tqriDQgyOdrvxwUW7LxNk.A1wAccgOdZM/8KZNXUyUiOIOC10ddti', 'breeadmin@gc.com', 'admin');

-- --------------------------------------------------------

--
-- Table structure for table `categories`
--

CREATE TABLE `categories` (
  `category_id` int(11) NOT NULL,
  `name` varchar(255) NOT NULL,
  `user_id` int(11) DEFAULT NULL,
  `category_description` text DEFAULT NULL
) ENGINE=InnoDB DEFAULT CHARSET=utf8mb4 COLLATE=utf8mb4_general_ci;

--
-- Dumping data for table `categories`
--

INSERT INTO `categories` (`category_id`, `name`, `user_id`, `category_description`) VALUES
(63, 'Power Supplies (PSUs)', NULL, 'A power supply is a hardware component that converts electrical power from an outlet into the usable form required by a computer or electronic device. It provides a stable and regulated source of power to ensure the proper functioning of the components within the system.'),
(86, 'Central Processing Units (CPUs)', NULL, 'Central Processing Units (CPUs) are the primary components of a computer responsible for executing instructions and performing calculations, serving as the brain of the system by processing data and managing the overall operation of the computer.'),
(88, 'Motherboards', NULL, '\r\nMotherboards serve as the central circuitry hub in computers, providing connectivity and support for essential components such as the CPU, memory, and peripherals. They act as the backbone, facilitating communication between different hardware components to ensure a computer&#039;s functionality.'),
(103, ' Graphics Cards', NULL, 'Graphics cards, or GPUs, are hardware components integral to computers, responsible for rendering images and videos with speed and precision.'),
(104, 'Cooling Solutions', NULL, 'Cooling solutions refer to the methods and technologies employed to dissipate heat generated by electronic components, such as processors or graphics cards, within a computer system. '),
(107, 'Memory (RAM)', NULL, 'RAM, or Random Access Memory, is a type of volatile computer memory that provides high-speed data access to a processor and temporarily stores actively used data and machine code.');

-- --------------------------------------------------------

--
-- Table structure for table `comments`
--

CREATE TABLE `comments` (
  `comment_id` int(11) NOT NULL,
  `product_id` int(11) DEFAULT NULL,
  `username` varchar(255) DEFAULT NULL,
  `comment` text DEFAULT NULL
) ENGINE=InnoDB DEFAULT CHARSET=utf8mb4 COLLATE=utf8mb4_general_ci;

-- --------------------------------------------------------

--
-- Table structure for table `images`
--

CREATE TABLE `images` (
  `image_id` int(11) NOT NULL,
  `filename` varchar(255) NOT NULL,
  `created_at` timestamp NOT NULL DEFAULT current_timestamp(),
  `product_id` int(11) NOT NULL
) ENGINE=InnoDB DEFAULT CHARSET=utf8mb4 COLLATE=utf8mb4_general_ci;

--
-- Dumping data for table `images`
--

INSERT INTO `images` (`image_id`, `filename`, `created_at`, `product_id`) VALUES
(5, '186_EVGA.jpg', '2023-12-07 05:18:22', 186),
(6, '187_proxy.png', '2023-12-07 05:24:07', 187),
(7, '191_EVGA.jpg', '2023-12-07 05:50:12', 191),
(8, '192_EVGA.jpg', '2023-12-07 05:50:25', 192),
(9, '0_NVIDIA.jpg', '2023-12-08 05:12:58', 0),
(10, '0_NVIDIA.jpg', '2023-12-08 05:13:28', 0),
(11, '0_NVIDIA.jpg', '2023-12-08 05:16:49', 0),
(12, '0_NVIDIA.jpg', '2023-12-08 05:18:56', 0),
(13, '0_NVIDIA.jpg', '2023-12-08 05:31:04', 0),
(14, '0_NVIDIA.jpg', '2023-12-08 05:32:38', 0);

-- --------------------------------------------------------

--
-- Table structure for table `products`
--

CREATE TABLE `products` (
  `product_id` int(11) NOT NULL,
  `name` varchar(255) NOT NULL,
  `description` text NOT NULL,
  `id` int(11) DEFAULT NULL,
  `price` decimal(10,2) NOT NULL,
  `stock_quantity` int(11) NOT NULL,
  `category_id` int(11) NOT NULL,
  `created_at` timestamp NOT NULL DEFAULT current_timestamp(),
  `updated_at` timestamp NOT NULL DEFAULT current_timestamp() ON UPDATE current_timestamp(),
  `image_id` int(11) DEFAULT NULL
) ENGINE=InnoDB DEFAULT CHARSET=utf8mb4 COLLATE=utf8mb4_general_ci;

--
-- Dumping data for table `products`
--

INSERT INTO `products` (`product_id`, `name`, `description`, `id`, `price`, `stock_quantity`, `category_id`, `created_at`, `updated_at`, `image_id`) VALUES
(89, 'EVGA SuperNOVA 650 G5 650W', 'Modular power supply for compact builds', NULL, 89.99, 26, 63, '2023-11-27 17:51:13', '2023-11-27 17:51:13', NULL),
(93, 'Intel Core i7-12700K', '8-core CPU for gaming and multitasking', NULL, 499.99, 45, 86, '2023-11-27 18:16:25', '2023-12-07 00:15:42', NULL),
(120, 'AMD Radeon RX 6800 XT', 'High-performance GPU for gaming and graphics work', NULL, 699.99, 12, 103, '2023-12-05 05:25:17', '2023-12-05 05:25:17', NULL),
(121, 'Noctua NH-D15', 'Dual-tower CPU cooler for excellent cooling performance', NULL, 89.99, 17, 104, '2023-12-05 05:28:15', '2023-12-05 05:28:15', NULL),
(122, 'Seasonic FOCUS GX-750 750W', 'Quiet and reliable power supply for gaming', NULL, 109.99, 18, 63, '2023-12-05 05:29:24', '2023-12-05 05:29:24', NULL),
(123, 'Corsair Vengeance LPX 16GB DDR4', 'High-performance RAM for gaming', NULL, 89.99, 40, 107, '2023-12-05 05:33:26', '2023-12-05 05:33:26', NULL),
(124, 'Crucial Ballistix 32GB DDR4', 'DDR4 RAM for multitasking and content creation', NULL, 149.99, 25, 107, '2023-12-05 05:34:07', '2023-12-05 05:34:07', NULL),
(125, 'AMD Ryzen 9 5900X', 'Powerful CPU from AMD', NULL, 549.99, 40, 86, '2023-12-05 05:37:31', '2023-12-05 05:37:31', NULL),
(126, 'ASUS ROG Strix Z590-E Gaming', 'High-end gaming motherboard', NULL, 349.99, 30, 88, '2023-12-05 05:43:38', '2023-12-05 05:43:38', NULL),
(127, 'MSI B450 TOMAHAWK MAX', 'Mid-range motherboard with good features', NULL, 129.99, 20, 88, '2023-12-05 05:45:59', '2023-12-05 05:45:59', NULL),
(128, 'NZXT Kraken X63 RGB', 'All-in-one liquid cooler with RGB pump', NULL, 159.99, 10, 104, '2023-12-05 05:47:14', '2023-12-05 05:47:14', NULL),
(202, 'NVIDIA GeForce RTX 3080', 'Powerful GPU for gaming and content creation', NULL, 799.99, 18, 103, '2023-12-08 05:45:53', '2023-12-08 05:45:53', NULL),
(203, 'Thermaltake Toughpower GF1 750W', 'Gold-rated power supply for gaming rigs', NULL, 99.99, 17, 63, '2023-12-08 05:46:57', '2023-12-08 05:46:57', NULL),
(204, 'Arctic P12 PWM PST Value Pack', 'Budget-friendly PWM case fans', NULL, 29.99, 25, 104, '2023-12-08 05:48:11', '2023-12-08 05:48:11', NULL);

-- --------------------------------------------------------

--
-- Table structure for table `users`
--

CREATE TABLE `users` (
  `user_id` int(11) NOT NULL,
  `username` varchar(255) NOT NULL,
  `password` varchar(255) NOT NULL,
  `email` varchar(255) NOT NULL,
  `role` varchar(20) NOT NULL DEFAULT 'user'
) ENGINE=InnoDB DEFAULT CHARSET=utf8mb4 COLLATE=utf8mb4_general_ci;

--
-- Dumping data for table `users`
--

INSERT INTO `users` (`user_id`, `username`, `password`, `email`, `role`) VALUES
(26, 'userjay', '$2y$10$HYepVhTc3TRUsHT9Hzw1Sej2ZgS6N8FZMaC2eBZlC5inQkpq86Dzm', 'user@gmail.com', 'user'),
(27, 'jc12', '$2y$10$u.e5Uu0FsCzN5H57VWmkO.r7nJ7DQRL61iyRY7XqZueKTrB//1UNe', 'jc@gmail.com', 'user'),
(28, 'jayz22', '$2y$10$aUUnYk9Rlp.FsUlWpD40l.RKYt40bZNF5vprtQ.XradXqbLsUfMoK', 'jayz@gc.com', 'user'),
(34, 'usertry11', '$2y$10$igYzfXws.qWlU1q0Gjh3z.0j8xBIuY3ajwOFBjiqQz91iEinksKuS', 'user', 'user'),
(35, 'jaytry', '$2y$10$1A8kKlRwzt7hPGmJlkIS4usFNfChIatXcS408AhFJXj4ipyPOUupe', 'jay', 'user'),
(36, 'jayjay', '$2y$10$ZSehGbrKp.N98eZDE7qFz.zpAnvxpbOFv7xIsl.RY/JCpBmLI.ORm', 'jay@gmail.com', 'user');

--
-- Indexes for dumped tables
--

--
-- Indexes for table `admins`
--
ALTER TABLE `admins`
  ADD PRIMARY KEY (`admin_id`);

--
-- Indexes for table `categories`
--
ALTER TABLE `categories`
  ADD PRIMARY KEY (`category_id`);

--
-- Indexes for table `comments`
--
ALTER TABLE `comments`
  ADD PRIMARY KEY (`comment_id`);

--
-- Indexes for table `images`
--
ALTER TABLE `images`
  ADD PRIMARY KEY (`image_id`);

--
-- Indexes for table `products`
--
ALTER TABLE `products`
  ADD PRIMARY KEY (`product_id`),
  ADD KEY `fk_category_id` (`category_id`);

--
-- Indexes for table `users`
--
ALTER TABLE `users`
  ADD PRIMARY KEY (`user_id`);

--
-- AUTO_INCREMENT for dumped tables
--

--
-- AUTO_INCREMENT for table `admins`
--
ALTER TABLE `admins`
  MODIFY `admin_id` int(11) NOT NULL AUTO_INCREMENT, AUTO_INCREMENT=6;

--
-- AUTO_INCREMENT for table `categories`
--
ALTER TABLE `categories`
  MODIFY `category_id` int(11) NOT NULL AUTO_INCREMENT, AUTO_INCREMENT=114;

--
-- AUTO_INCREMENT for table `comments`
--
ALTER TABLE `comments`
  MODIFY `comment_id` int(11) NOT NULL AUTO_INCREMENT;

--
-- AUTO_INCREMENT for table `images`
--
ALTER TABLE `images`
  MODIFY `image_id` int(11) NOT NULL AUTO_INCREMENT, AUTO_INCREMENT=15;

--
-- AUTO_INCREMENT for table `products`
--
ALTER TABLE `products`
  MODIFY `product_id` int(11) NOT NULL AUTO_INCREMENT, AUTO_INCREMENT=205;

--
-- AUTO_INCREMENT for table `users`
--
ALTER TABLE `users`
  MODIFY `user_id` int(11) NOT NULL AUTO_INCREMENT, AUTO_INCREMENT=37;
COMMIT;

/*!40101 SET CHARACTER_SET_CLIENT=@OLD_CHARACTER_SET_CLIENT */;
/*!40101 SET CHARACTER_SET_RESULTS=@OLD_CHARACTER_SET_RESULTS */;
/*!40101 SET COLLATION_CONNECTION=@OLD_COLLATION_CONNECTION */;
